binary,hardware,size,array_size,run,task_clock_msec,cycles,instructions,branch_misses,cache_references,cache_misses,l1_dcache_loads,l1_dcache_load_misses,l2_references,l2_misses,llc_loads,llc_load_misses
fast,i7-13700,1,10000,1,7.37,,,,,,7214509.0,28944.0,244929.0,70329.0,4582.0,86.0
fast,i7-13700,1,10000,1,7.2,9040678.0,19457960.0,73365.0,58352.0,9858.0,,,,,,
fast,i7-13700,1,10000,2,6.41,,,,,,7422921.0,15773.0,255956.0,82494.0,5292.0,518.0
fast,i7-13700,1,10000,2,6.47,8946507.0,19444751.0,72645.0,53906.0,8762.0,,,,,,
fast,i7-13700,1,10000,3,6.94,,,,,,7378891.0,25006.0,279404.0,105018.0,4836.0,88.0
fast,i7-13700,1,10000,3,6.84,9217936.0,19442995.0,74635.0,86594.0,9272.0,,,,,,
fast,i7-13700,1,10000,4,6.84,,,,,,7401241.0,26719.0,254894.0,76653.0,4817.0,97.0
fast,i7-13700,1,10000,4,6.79,8911179.0,19441857.0,72262.0,54294.0,8612.0,,,,,,
fast,i7-13700,1,10000,5,2.74,,,,,,4010606.0,32394.0,195341.0,70222.0,616.0,139.0
fast,i7-13700,1,10000,5,7.06,8978115.0,19439220.0,73296.0,62023.0,8146.0,,,,,,
fast,i7-13700,2,20000,1,11.43,,,,,,14339849.0,23225.0,360001.0,178864.0,6813.0,565.0
fast,i7-13700,2,20000,1,11.52,16540707.0,37276255.0,139497.0,56450.0,8778.0,,,,,,
fast,i7-13700,2,20000,2,5.06,,,,,,14563169.0,42405.0,333573.0,101350.0,4495.0,399.0
fast,i7-13700,2,20000,2,10.73,16488807.0,37315756.0,140434.0,52899.0,8946.0,,,,,,
fast,i7-13700,2,20000,3,9.59,,,,,,13597223.0,41447.0,268202.0,69775.0,3703.0,82.0
fast,i7-13700,2,20000,3,10.1,16488268.0,37294720.0,139958.0,58291.0,8454.0,,,,,,
fast,i7-13700,2,20000,4,10.45,,,,,,13257001.0,37236.0,316431.0,103030.0,4353.0,153.0
fast,i7-13700,2,20000,4,9.56,16422391.0,37276100.0,140402.0,58568.0,9596.0,,,,,,
fast,i7-13700,2,20000,5,10.3,,,,,,13342252.0,36680.0,292385.0,75322.0,4192.0,142.0
fast,i7-13700,2,20000,5,8.91,16496776.0,37241522.0,139703.0,56047.0,9137.0,,,,,,
fast,i7-13700,4,40000,1,14.56,,,,,,25990732.0,32413.0,278566.0,82674.0,5082.0,167.0
fast,i7-13700,4,40000,1,17.73,32200701.0,75834108.0,274337.0,54785.0,10046.0,,,,,,
fast,i7-13700,4,40000,2,14.95,,,,,,24499553.0,44584.0,282386.0,86750.0,3059.0,66.0
fast,i7-13700,4,40000,2,14.85,32015594.0,75814292.0,274094.0,53599.0,9610.0,,,,,,
fast,i7-13700,4,40000,3,15.56,,,,,,25715642.0,41153.0,309978.0,108084.0,4659.0,155.0
fast,i7-13700,4,40000,3,14.75,32193790.0,75848337.0,274619.0,67189.0,13981.0,,,,,,
fast,i7-13700,4,40000,4,15.27,,,,,,26157869.0,35936.0,321073.0,127148.0,5233.0,214.0
fast,i7-13700,4,40000,4,14.43,32080692.0,75846925.0,275321.0,63171.0,11942.0,,,,,,
fast,i7-13700,4,40000,5,15.33,,,,,,25964164.0,39151.0,288510.0,79443.0,4883.0,197.0
fast,i7-13700,4,40000,5,14.95,32529063.0,75862812.0,276014.0,89772.0,10321.0,,,,,,
fast,i7-13700,6,60000,1,20.34,,,,,,38962507.0,36375.0,301564.0,95282.0,5717.0,231.0
fast,i7-13700,6,60000,1,21.69,48641774.0,116030271.0,426152.0,54683.0,11426.0,,,,,,
fast,i7-13700,6,60000,2,18.05,,,,,,42632195.0,43181.0,319357.0,95079.0,5185.0,181.0
fast,i7-13700,6,60000,2,19.7,49052534.0,116087454.0,428168.0,95529.0,10885.0,,,,,,
fast,i7-13700,6,60000,3,18.89,,,,,,41146908.0,42534.0,319221.0,89312.0,5445.0,152.0
fast,i7-13700,6,60000,3,17.26,48434130.0,116067424.0,427356.0,54203.0,11391.0,,,,,,
fast,i7-13700,6,60000,4,19.02,,,,,,42089746.0,56401.0,335892.0,100898.0,2331.0,57.0
fast,i7-13700,6,60000,4,19.63,49049305.0,116024667.0,430594.0,117164.0,12265.0,,,,,,
fast,i7-13700,6,60000,5,18.95,,,,,,41180108.0,47346.0,333127.0,96467.0,5627.0,146.0
fast,i7-13700,6,60000,5,19.13,48749433.0,116080416.0,426609.0,66451.0,10837.0,,,,,,
fast,i7-13700,8,80000,1,25.95,,,,,,53984111.0,53274.0,340208.0,105730.0,4856.0,116.0
fast,i7-13700,8,80000,1,25.37,65323499.0,155317794.0,575986.0,64781.0,12855.0,,,,,,
fast,i7-13700,8,80000,2,22.09,,,,,,54560447.0,56796.0,338563.0,92207.0,4422.0,72.0
fast,i7-13700,8,80000,2,23.45,65272007.0,155308323.0,575501.0,72456.0,12490.0,,,,,,
fast,i7-13700,8,80000,3,22.59,,,,,,56098081.0,52747.0,375719.0,119957.0,4662.0,171.0
fast,i7-13700,8,80000,3,23.87,65522522.0,155372060.0,575884.0,73071.0,14995.0,,,,,,
fast,i7-13700,8,80000,4,23.3,,,,,,56309294.0,42203.0,355459.0,111714.0,5347.0,146.0
fast,i7-13700,8,80000,4,24.17,65799361.0,155310594.0,579415.0,109351.0,15541.0,,,,,,
fast,i7-13700,8,80000,5,23.43,,,,,,54996020.0,57402.0,357030.0,103359.0,4340.0,122.0
fast,i7-13700,8,80000,5,23.57,65759427.0,155325965.0,574277.0,67149.0,12848.0,,,,,,
fast,i7-13700,10,100000,1,29.37,,,,,,67610113.0,63372.0,383400.0,94864.0,2074.0,108.0
fast,i7-13700,10,100000,1,30.1,82438867.0,194871500.0,726144.0,63221.0,12919.0,,,,,,
fast,i7-13700,10,100000,2,27.7,,,,,,68219891.0,47181.0,341598.0,102019.0,6585.0,246.0
fast,i7-13700,10,100000,2,27.7,81851436.0,194762228.0,728427.0,71258.0,13205.0,,,,,,
fast,i7-13700,10,100000,3,27.32,,,,,,65384842.0,63222.0,340379.0,103714.0,3463.0,248.0
fast,i7-13700,10,100000,3,29.97,81801371.0,194778227.0,729360.0,71442.0,13334.0,,,,,,
fast,i7-13700,10,100000,4,27.55,,,,,,66664878.0,58617.0,342985.0,97101.0,5222.0,152.0
fast,i7-13700,10,100000,4,26.37,81917076.0,194793536.0,727976.0,62871.0,13415.0,,,,,,
fast,i7-13700,10,100000,5,27.17,,,,,,67595461.0,39683.0,339352.0,158978.0,9341.0,928.0
fast,i7-13700,10,100000,5,27.57,81929199.0,194790831.0,728831.0,66618.0,12977.0,,,,,,
fast,i7-7700,1,10000,1,5.71,,,,,,6376159.0,72854.0,304095.0,173956.0,10067.0,135.0
fast,i7-7700,1,10000,1,5.79,13259443.0,19450898.0,76998.0,222275.0,30590.0,,,,,,
fast,i7-7700,1,10000,2,4.22,,,,,,5774635.0,90552.0,275361.0,127591.0,3034.0,95.0
fast,i7-7700,1,10000,2,3.36,13300419.0,19438817.0,76853.0,216039.0,28276.0,,,,,,
fast,i7-7700,1,10000,3,5.2,,,,,,6596260.0,85743.0,351859.0,180024.0,9528.0,107.0
fast,i7-7700,1,10000,3,4.61,13272523.0,19446246.0,77001.0,223856.0,29458.0,,,,,,
fast,i7-7700,1,10000,4,4.35,,,,,,6708368.0,98078.0,374717.0,164875.0,10556.0,91.0
fast,i7-7700,1,10000,4,3.27,13295297.0,19436573.0,76939.0,219423.0,28592.0,,,,,,
fast,i7-7700,1,10000,5,3.49,,,,,,5841221.0,114480.0,282576.0,131348.0,7479.0,114.0
fast,i7-7700,1,10000,5,4.33,13299451.0,19500121.0,77071.0,226830.0,31797.0,,,,,,
fast,i7-7700,2,20000,1,9.22,,,,,,12252389.0,85932.0,294789.0,175658.0,10628.0,405.0
fast,i7-7700,2,20000,1,17.75,24775338.0,37418810.0,146083.0,256564.0,82118.0,,,,,,
fast,i7-7700,2,20000,2,7.92,,,,,,12481579.0,76690.0,296865.0,177227.0,9695.0,114.0
fast,i7-7700,2,20000,2,8.73,24318798.0,37287529.0,144854.0,236453.0,30714.0,,,,,,
fast,i7-7700,2,20000,3,9.47,,,,,,13769890.0,44804.0,346237.0,178724.0,18619.0,1641.0
fast,i7-7700,2,20000,3,8.67,24356161.0,37298827.0,144875.0,229368.0,31049.0,,,,,,
fast,i7-7700,2,20000,4,8.74,,,,,,12587718.0,85676.0,296012.0,181513.0,12247.0,232.0
fast,i7-7700,2,20000,4,9.76,24269641.0,37301577.0,144404.0,232894.0,30659.0,,,,,,
fast,i7-7700,2,20000,5,9.13,,,,,,13601219.0,78654.0,332979.0,175144.0,17247.0,495.0
fast,i7-7700,2,20000,5,9.09,24384897.0,37341563.0,144874.0,229352.0,30338.0,,,,,,
fast,i7-7700,4,40000,1,21.37,,,,,,26686743.0,65837.0,366292.0,208010.0,22026.0,1189.0
fast,i7-7700,4,40000,1,28.9,47755272.0,75998022.0,277669.0,277452.0,85186.0,,,,,,
fast,i7-7700,4,40000,2,17.72,,,,,,26303096.0,92149.0,359231.0,202377.0,6882.0,138.0
fast,i7-7700,4,40000,2,18.96,47315103.0,75889206.0,276564.0,261772.0,32247.0,,,,,,
fast,i7-7700,4,40000,3,14.96,,,,,,25840545.0,92232.0,328516.0,207810.0,11004.0,152.0
fast,i7-7700,4,40000,3,22.8,47516629.0,75874302.0,276517.0,268832.0,33651.0,,,,,,
fast,i7-7700,4,40000,4,16.55,,,,,,26957063.0,102054.0,389134.0,206874.0,15001.0,133.0
fast,i7-7700,4,40000,4,20.71,47493193.0,75971864.0,277543.0,274648.0,33207.0,,,,,,
fast,i7-7700,4,40000,5,17.72,,,,,,26047467.0,99669.0,380877.0,211215.0,4087.0,124.0
fast,i7-7700,4,40000,5,17.01,47395120.0,75873768.0,276614.0,265826.0,32881.0,,,,,,
fast,i7-7700,6,60000,1,25.15,,,,,,40559900.0,109950.0,405959.0,244841.0,20682.0,264.0
fast,i7-7700,6,60000,1,20.39,71926039.0,116124581.0,428579.0,266835.0,34047.0,,,,,,
fast,i7-7700,6,60000,2,23.42,,,,,,41063983.0,112731.0,412851.0,242590.0,22801.0,35.0
fast,i7-7700,6,60000,2,26.16,72349984.0,116218261.0,431247.0,293764.0,33175.0,,,,,,
fast,i7-7700,6,60000,3,31.25,,,,,,40695718.0,111523.0,413748.0,236328.0,10439.0,34.0
fast,i7-7700,6,60000,3,19.02,72022639.0,116105198.0,428697.0,274416.0,34457.0,,,,,,
fast,i7-7700,6,60000,4,20.54,,,,,,40085747.0,100159.0,373729.0,223770.0,5105.0,154.0
fast,i7-7700,6,60000,4,26.7,72160224.0,116198039.0,429976.0,293798.0,35988.0,,,,,,
fast,i7-7700,6,60000,5,26.8,,,,,,40453524.0,110562.0,393530.0,240648.0,19722.0,266.0
fast,i7-7700,6,60000,5,17.77,72234376.0,116152510.0,429081.0,286925.0,36030.0,,,,,,
fast,i7-7700,8,80000,1,32.71,,,,,,53491512.0,118157.0,402060.0,228293.0,9333.0,492.0
fast,i7-7700,8,80000,1,46.16,96457810.0,155526989.0,577730.0,293874.0,82551.0,,,,,,
fast,i7-7700,8,80000,2,33.98,,,,,,53708790.0,133101.0,438277.0,238335.0,16415.0,165.0
fast,i7-7700,8,80000,2,29.69,96355566.0,155437652.0,577377.0,304773.0,37355.0,,,,,,
fast,i7-7700,8,80000,3,38.59,,,,,,53239542.0,85821.0,418338.0,246192.0,22949.0,1395.0
fast,i7-7700,8,80000,3,41.06,96217820.0,155522202.0,577389.0,324167.0,38891.0,,,,,,
fast,i7-7700,8,80000,4,30.05,,,,,,54684778.0,127607.0,450655.0,258721.0,18690.0,67.0
fast,i7-7700,8,80000,4,41.35,96012354.0,155507748.0,576828.0,308640.0,37780.0,,,,,,
fast,i7-7700,8,80000,5,30.72,,,,,,54703528.0,132893.0,445464.0,250192.0,16309.0,49.0
fast,i7-7700,8,80000,5,34.12,99988974.0,155490510.0,577641.0,304373.0,35654.0,,,,,,
fast,i7-7700,10,100000,1,38.64,,,,,,66829378.0,143328.0,462693.0,261433.0,13869.0,522.0
fast,i7-7700,10,100000,1,40.28,120905506.0,194872680.0,732665.0,333683.0,51401.0,,,,,,
fast,i7-7700,10,100000,2,36.4,,,,,,67698613.0,136671.0,443336.0,256339.0,7484.0,30.0
fast,i7-7700,10,100000,2,40.46,120825116.0,194982013.0,734052.0,337936.0,40538.0,,,,,,
fast,i7-7700,10,100000,3,38.02,,,,,,68063481.0,138470.0,471382.0,272051.0,12178.0,176.0
fast,i7-7700,10,100000,3,36.03,120771461.0,194957837.0,731659.0,333354.0,37970.0,,,,,,
fast,i7-7700,10,100000,4,41.19,,,,,,68528946.0,87796.0,450577.0,252615.0,23785.0,3253.0
fast,i7-7700,10,100000,4,37.1,120925305.0,194871590.0,731791.0,324667.0,38030.0,,,,,,
fast,i7-7700,10,100000,5,36.67,,,,,,69086063.0,146265.0,494974.0,285418.0,23214.0,71.0
fast,i7-7700,10,100000,5,30.12,120744635.0,194910238.0,730344.0,323867.0,37173.0,,,,,,
fast,xs-4114,1,10000,1,16.09,,,,,,6889281.0,48613.0,175117.0,56193.0,9813.0,4286.0
fast,xs-4114,1,10000,1,15.47,13073744.0,19583041.0,75820.0,52592.0,12141.0,,,,,,
fast,xs-4114,1,10000,2,13.68,,,,,,6767745.0,32309.0,180864.0,66712.0,10236.0,4260.0
fast,xs-4114,1,10000,2,15.81,13400987.0,19555237.0,78792.0,45390.0,11858.0,,,,,,
fast,xs-4114,1,10000,3,6.74,,,,,,6181524.0,73345.0,221512.0,68739.0,4369.0,6.0
fast,xs-4114,1,10000,3,8.44,13439041.0,19500869.0,74532.0,43247.0,11620.0,,,,,,
fast,xs-4114,1,10000,4,6.62,,,,,,7092584.0,62236.0,226175.0,68205.0,9783.0,664.0
fast,xs-4114,1,10000,4,9.36,13242665.0,19496851.0,75542.0,52264.0,13292.0,,,,,,
fast,xs-4114,1,10000,5,15.87,,,,,,6507422.0,45767.0,186805.0,60075.0,9499.0,3470.0
fast,xs-4114,1,10000,5,15.38,13345711.0,19603929.0,77505.0,68270.0,11554.0,,,,,,
fast,xs-4114,2,20000,1,22.88,,,,,,13053764.0,48562.0,222710.0,69446.0,9327.0,3357.0
fast,xs-4114,2,20000,1,24.47,25090495.0,37441195.0,141650.0,46456.0,11611.0,,,,,,
fast,xs-4114,2,20000,2,24.65,,,,,,12307954.0,86269.0,231481.0,75051.0,7875.0,1212.0
fast,xs-4114,2,20000,2,24.46,24259456.0,37444364.0,142017.0,45357.0,11673.0,,,,,,
fast,xs-4114,2,20000,3,21.39,,,,,,12603175.0,51984.0,224452.0,72407.0,8675.0,2374.0
fast,xs-4114,2,20000,3,14.57,24409300.0,37411416.0,142787.0,48031.0,11331.0,,,,,,
fast,xs-4114,2,20000,4,11.1,,,,,,13365721.0,76911.0,260981.0,68923.0,7499.0,543.0
fast,xs-4114,2,20000,4,16.83,24259285.0,37366315.0,142630.0,48713.0,10879.0,,,,,,
fast,xs-4114,2,20000,5,21.19,,,,,,12679962.0,44587.0,206230.0,82293.0,9837.0,4192.0
fast,xs-4114,2,20000,5,11.75,24489830.0,37317408.0,141591.0,44915.0,11080.0,,,,,,
fast,xs-4114,4,40000,1,33.79,,,,,,25005783.0,69784.0,236197.0,85939.0,8619.0,2267.0
fast,xs-4114,4,40000,1,22.47,47711834.0,75952315.0,274938.0,50102.0,11342.0,,,,,,
fast,xs-4114,4,40000,2,27.31,,,,,,26566444.0,56885.0,236063.0,108734.0,14054.0,4244.0
fast,xs-4114,4,40000,2,37.13,47389822.0,76109514.0,276136.0,62325.0,11494.0,,,,,,
fast,xs-4114,4,40000,3,25.93,,,,,,26098349.0,63020.0,277544.0,105271.0,10994.0,2554.0
fast,xs-4114,4,40000,3,28.06,48373307.0,75946411.0,279049.0,50396.0,11380.0,,,,,,
fast,xs-4114,4,40000,4,36.73,,,,,,27535942.0,65176.0,229841.0,71865.0,10654.0,3342.0
fast,xs-4114,4,40000,4,36.43,47287009.0,76077097.0,274496.0,48846.0,11761.0,,,,,,
fast,xs-4114,4,40000,5,34.95,,,,,,26010202.0,69720.0,267104.0,74306.0,8600.0,2748.0
fast,xs-4114,4,40000,5,34.21,48232209.0,76035622.0,273949.0,51610.0,11018.0,,,,,,
fast,xs-4114,6,60000,1,43.61,,,,,,39231397.0,81036.0,235232.0,68003.0,11615.0,4755.0
fast,xs-4114,6,60000,1,43.26,72717440.0,116295909.0,436357.0,72072.0,11657.0,,,,,,
fast,xs-4114,6,60000,2,45.91,,,,,,40626932.0,87390.0,244419.0,88330.0,13849.0,4363.0
fast,xs-4114,6,60000,2,46.81,72334775.0,116259315.0,426984.0,62363.0,12044.0,,,,,,
fast,xs-4114,6,60000,3,43.97,,,,,,39720624.0,74560.0,236264.0,90983.0,13527.0,4581.0
fast,xs-4114,6,60000,3,44.74,72105911.0,116358408.0,428353.0,60011.0,12341.0,,,,,,
fast,xs-4114,6,60000,4,28.78,,,,,,40668619.0,98963.0,304617.0,80129.0,9888.0,1106.0
fast,xs-4114,6,60000,4,36.63,73795111.0,116177659.0,428246.0,61502.0,11846.0,,,,,,
fast,xs-4114,6,60000,5,44.17,,,,,,40248479.0,73394.0,274199.0,114504.0,14353.0,4222.0
fast,xs-4114,6,60000,5,46.6,72377013.0,116308227.0,428913.0,61860.0,12079.0,,,,,,
fast,xs-4114,8,80000,1,54.07,,,,,,55198804.0,109596.0,350460.0,102893.0,12489.0,4115.0
fast,xs-4114,8,80000,1,53.16,96118139.0,155623668.0,576208.0,59721.0,11601.0,,,,,,
fast,xs-4114,8,80000,2,50.41,,,,,,53377740.0,91731.0,278568.0,82892.0,11696.0,4079.0
fast,xs-4114,8,80000,2,53.47,96300955.0,155619787.0,577048.0,58454.0,11835.0,,,,,,
fast,xs-4114,8,80000,3,52.17,,,,,,53411640.0,95101.0,266605.0,69140.0,11637.0,3796.0
fast,xs-4114,8,80000,3,40.7,96798107.0,155591539.0,577247.0,80661.0,12384.0,,,,,,
fast,xs-4114,8,80000,4,53.47,,,,,,53782993.0,101401.0,308319.0,83232.0,8638.0,2472.0
fast,xs-4114,8,80000,4,53.27,96387467.0,155671325.0,577646.0,75302.0,12258.0,,,,,,
fast,xs-4114,8,80000,5,38.31,,,,,,54022687.0,119605.0,313564.0,89799.0,6310.0,266.0
fast,xs-4114,8,80000,5,52.72,96175031.0,155653726.0,575279.0,58752.0,12957.0,,,,,,
fast,xs-4114,10,100000,1,61.31,,,,,,67699040.0,113214.0,336580.0,97748.0,8549.0,2060.0
fast,xs-4114,10,100000,1,61.18,121703512.0,195024740.0,748219.0,59464.0,12125.0,,,,,,
fast,xs-4114,10,100000,2,59.36,,,,,,67910116.0,122036.0,339361.0,81699.0,9388.0,2742.0
fast,xs-4114,10,100000,2,60.8,120985755.0,195033790.0,735771.0,70864.0,12577.0,,,,,,
fast,xs-4114,10,100000,3,59.7,,,,,,67893759.0,113537.0,322053.0,89965.0,10375.0,3626.0
fast,xs-4114,10,100000,3,49.57,121004131.0,195054448.0,728656.0,61373.0,12735.0,,,,,,
fast,xs-4114,10,100000,4,67.14,,,,,,65103866.0,134917.0,281739.0,123491.0,12454.0,4859.0
fast,xs-4114,10,100000,4,48.38,120825350.0,195030940.0,725579.0,61273.0,12432.0,,,,,,
fast,xs-4114,10,100000,5,49.56,,,,,,68627275.0,111177.0,340475.0,96852.0,11385.0,1024.0
fast,xs-4114,10,100000,5,60.67,120818231.0,195040694.0,729858.0,61081.0,12960.0,,,,,,
slow,i7-13700,1,10000,1,310.91,,,,,,1778179514.0,188733.0,670294.0,103078.0,7808.0,60.0
slow,i7-13700,1,10000,1,313.06,1213089110.0,4251793114.0,10200907.0,90356.0,9807.0,,,,,,
slow,i7-13700,1,10000,2,313.24,,,,,,1780668049.0,163631.0,639880.0,97873.0,9179.0,176.0
slow,i7-13700,1,10000,2,311.99,1214463761.0,4251532852.0,10167796.0,80515.0,8592.0,,,,,,
slow,i7-13700,1,10000,3,311.72,,,,,,1773706197.0,151165.0,592027.0,110322.0,12014.0,950.0
slow,i7-13700,1,10000,3,311.15,1212918592.0,4251616002.0,10146880.0,81813.0,9307.0,,,,,,
slow,i7-13700,1,10000,4,313.98,,,,,,1782511717.0,197119.0,740571.0,123291.0,12251.0,768.0
slow,i7-13700,1,10000,4,312.31,1215779680.0,4251592721.0,10202843.0,82862.0,10167.0,,,,,,
slow,i7-13700,1,10000,5,314.07,,,,,,1778017341.0,164986.0,679086.0,118363.0,10835.0,270.0
slow,i7-13700,1,10000,5,312.01,1216548077.0,4251668662.0,10173702.0,77639.0,11587.0,,,,,,
slow,i7-13700,2,20000,1,1304.18,,,,,,7099301704.0,3810883.0,9181900.0,197043.0,29680.0,397.0
slow,i7-13700,2,20000,1,1300.27,5161022304.0,17007273697.0,48136769.0,165650.0,16610.0,,,,,,
slow,i7-13700,2,20000,2,1304.28,,,,,,7097931525.0,3854899.0,9175886.0,169351.0,29215.0,190.0
slow,i7-13700,2,20000,2,1301.95,5167382960.0,17006224770.0,48279133.0,154910.0,12093.0,,,,,,
slow,i7-13700,2,20000,3,1303.29,,,,,,7105341866.0,3851090.0,9258324.0,190656.0,29259.0,417.0
slow,i7-13700,2,20000,3,1309.69,5197926866.0,17006614294.0,48383632.0,148174.0,11368.0,,,,,,
slow,i7-13700,2,20000,4,1306.4,,,,,,7102247533.0,3850824.0,9215366.0,180584.0,30563.0,165.0
slow,i7-13700,2,20000,4,1316.37,5222863188.0,17006942246.0,48060290.0,135237.0,13526.0,,,,,,
slow,i7-13700,2,20000,5,1302.7,,,,,,7103612561.0,3862665.0,9236806.0,178399.0,31461.0,276.0
slow,i7-13700,2,20000,5,1304.69,5172052642.0,17006448384.0,48041776.0,136409.0,13602.0,,,,,,
slow,i7-13700,4,40000,1,5296.83,,,,,,28380308449.0,20688731.0,50073388.0,476396.0,113845.0,2609.0
slow,i7-13700,4,40000,1,5286.46,21065588217.0,67977414254.0,203193297.0,357835.0,21463.0,,,,,,
slow,i7-13700,4,40000,2,5306.82,,,,,,28372936688.0,20705458.0,50132602.0,386018.0,108374.0,2702.0
slow,i7-13700,4,40000,2,5284.96,21066273311.0,67978674553.0,203442438.0,449225.0,21842.0,,,,,,
slow,i7-13700,4,40000,3,5301.88,,,,,,28382755540.0,20751838.0,50039536.0,393259.0,110309.0,1483.0
slow,i7-13700,4,40000,3,5290.29,21080504076.0,67977411463.0,203446032.0,345707.0,22677.0,,,,,,
slow,i7-13700,4,40000,4,5307.37,,,,,,28375239558.0,20698330.0,49978203.0,447241.0,98437.0,1710.0
slow,i7-13700,4,40000,4,5279.16,21040049468.0,67978679348.0,203573436.0,385956.0,17337.0,,,,,,
slow,i7-13700,4,40000,5,5346.96,,,,,,28388568410.0,20657088.0,49842316.0,372255.0,97775.0,960.0
slow,i7-13700,4,40000,5,5287.39,21060230787.0,67978951875.0,203407243.0,364927.0,24718.0,,,,,,
slow,i7-13700,6,60000,1,11967.63,,,,,,63913546773.0,48327094.0,117883238.0,692712.0,203359.0,3927.0
slow,i7-13700,6,60000,1,11910.9,47504108835.0,153167620614.0,460249021.0,686928.0,31764.0,,,,,,
slow,i7-13700,6,60000,2,11926.74,,,,,,63932872258.0,48488163.0,118273213.0,742514.0,228572.0,3164.0
slow,i7-13700,6,60000,2,11902.87,47475656608.0,153168043579.0,460399343.0,782517.0,30275.0,,,,,,
slow,i7-13700,6,60000,3,11940.79,,,,,,63913434846.0,48345499.0,117536924.0,660414.0,178750.0,2020.0
slow,i7-13700,6,60000,3,11907.21,47484707457.0,153167716599.0,459775745.0,784221.0,32759.0,,,,,,
slow,i7-13700,6,60000,4,11952.69,,,,,,63939903076.0,48430151.0,118471642.0,829202.0,238703.0,2782.0
slow,i7-13700,6,60000,4,11930.75,47583817260.0,153170208596.0,460140903.0,868903.0,33109.0,,,,,,
slow,i7-13700,6,60000,5,11933.68,,,,,,63946553336.0,48279146.0,117927500.0,751817.0,226937.0,2545.0
slow,i7-13700,6,60000,5,11909.59,47504041748.0,153168678080.0,460568418.0,685603.0,29166.0,,,,,,
slow,i7-13700,8,80000,1,21240.25,,,,,,113581147491.0,87475850.0,213386569.0,1283481.0,427319.0,2412.0
slow,i7-13700,8,80000,1,21246.34,84763963637.0,272035471634.0,825237451.0,1354833.0,39168.0,,,,,,
slow,i7-13700,8,80000,2,21239.19,,,,,,113579086036.0,87550204.0,214101074.0,1422038.0,413563.0,3454.0
slow,i7-13700,8,80000,2,21201.02,84581280187.0,272037074503.0,825594648.0,1882616.0,42591.0,,,,,,
slow,i7-13700,8,80000,3,21232.9,,,,,,113566156167.0,87619675.0,214290456.0,1492601.0,485082.0,3996.0
slow,i7-13700,8,80000,3,21221.49,84662663512.0,272037534888.0,824699762.0,1253849.0,37821.0,,,,,,
slow,i7-13700,8,80000,4,21248.15,,,,,,113599850100.0,87623390.0,214247007.0,1458659.0,469096.0,4585.0
slow,i7-13700,8,80000,4,21186.83,84525289640.0,272041712797.0,825492504.0,1840869.0,40823.0,,,,,,
slow,i7-13700,8,80000,5,21239.3,,,,,,113554194240.0,87603781.0,214215623.0,1335592.0,440968.0,4302.0
slow,i7-13700,8,80000,5,21206.76,84606648452.0,272038434634.0,824963349.0,1524363.0,39490.0,,,,,,
slow,i7-13700,10,100000,1,33282.56,,,,,,177653739563.0,137435838.0,335885113.0,2076927.0,699010.0,6259.0
slow,i7-13700,10,100000,1,33205.42,132493932748.0,425522366442.0,1293049737.0,2369627.0,44881.0,,,,,,
slow,i7-13700,10,100000,2,33244.39,,,,,,177650939312.0,137677294.0,339571127.0,2555210.0,818027.0,5252.0
slow,i7-13700,10,100000,2,33204.46,132488260202.0,425522392606.0,1292374660.0,2441349.0,52881.0,,,,,,
slow,i7-13700,10,100000,3,33254.57,,,,,,177587891804.0,137718759.0,338195660.0,2330061.0,741139.0,5517.0
slow,i7-13700,10,100000,3,33335.66,133007620013.0,425528486044.0,1293172063.0,2948202.0,46972.0,,,,,,
slow,i7-13700,10,100000,4,33240.72,,,,,,177644735107.0,137847077.0,340015291.0,2746511.0,874695.0,6211.0
slow,i7-13700,10,100000,4,33379.36,133182550588.0,425527270714.0,1293193782.0,2443052.0,50998.0,,,,,,
slow,i7-13700,10,100000,5,33448.74,,,,,,177623709394.0,137656971.0,339753574.0,2754947.0,845195.0,5620.0
slow,i7-13700,10,100000,5,33250.24,132665165587.0,425526297571.0,1292515395.0,2127228.0,51133.0,,,,,,
slow,i7-7700,1,10000,1,497.86,,,,,,1777977075.0,907627.0,1924457.0,232072.0,19962.0,2213.0
slow,i7-7700,1,10000,1,490.13,1960210456.0,4252669683.0,12484738.0,290597.0,84121.0,,,,,,
slow,i7-7700,1,10000,2,476.72,,,,,,1777025575.0,1149527.0,2272893.0,295862.0,35173.0,210.0
slow,i7-7700,1,10000,2,472.64,1955107528.0,4252639025.0,12420827.0,277792.0,33485.0,,,,,,
slow,i7-7700,1,10000,3,475.9,,,,,,1776776596.0,948149.0,2018926.0,291306.0,25861.0,278.0
slow,i7-7700,1,10000,3,486.12,1957867453.0,4252743984.0,12431829.0,323874.0,47079.0,,,,,,
slow,i7-7700,1,10000,4,481.26,,,,,,1777086120.0,1101343.0,2243061.0,320539.0,27354.0,333.0
slow,i7-7700,1,10000,4,477.67,1954058682.0,4252575394.0,12412697.0,319881.0,31654.0,,,,,,
slow,i7-7700,1,10000,5,480.75,,,,,,1775911296.0,908691.0,1945128.0,256489.0,12705.0,148.0
slow,i7-7700,1,10000,5,483.55,1956845492.0,4252738480.0,12467891.0,291654.0,34228.0,,,,,,
slow,i7-7700,2,20000,1,1918.33,,,,,,7102912209.0,10690358.0,19159315.0,858634.0,72035.0,330.0
slow,i7-7700,2,20000,1,1910.79,7928974564.0,17009987636.0,52056957.0,610611.0,43150.0,,,,,,
slow,i7-7700,2,20000,2,1911.81,,,,,,7103773241.0,10675138.0,18289429.0,541853.0,55653.0,979.0
slow,i7-7700,2,20000,2,1911.03,7930585964.0,17010038519.0,52091217.0,595500.0,48391.0,,,,,,
slow,i7-7700,2,20000,3,1910.1,,,,,,7098601176.0,10678145.0,20920034.0,3136621.0,198136.0,406.0
slow,i7-7700,2,20000,3,1908.48,7948422205.0,17009897051.0,52067529.0,662990.0,36693.0,,,,,,
slow,i7-7700,2,20000,4,1920.17,,,,,,7104981249.0,10676151.0,19482550.0,1076171.0,99228.0,361.0
slow,i7-7700,2,20000,4,1920.74,7928813290.0,17010148375.0,52037994.0,567770.0,45631.0,,,,,,
slow,i7-7700,2,20000,5,1921.1,,,,,,7104922984.0,10706215.0,18772656.0,814459.0,70149.0,2365.0
slow,i7-7700,2,20000,5,1915.25,7947125354.0,17010134912.0,52036067.0,727517.0,68783.0,,,,,,
slow,i7-7700,4,40000,1,7726.7,,,,,,28398112169.0,49846388.0,89950373.0,12633123.0,875925.0,2890.0
slow,i7-7700,4,40000,1,7671.7,31967924511.0,67990659698.0,214237329.0,7343913.0,82009.0,,,,,,
slow,i7-7700,4,40000,2,7713.88,,,,,,28392950307.0,49880596.0,93742186.0,14532393.0,1102188.0,2353.0
slow,i7-7700,4,40000,2,7686.44,32003831659.0,67990685261.0,214201517.0,8090643.0,114123.0,,,,,,
slow,i7-7700,4,40000,3,7718.04,,,,,,28388358853.0,49802092.0,88713449.0,7801042.0,619665.0,2967.0
slow,i7-7700,4,40000,3,7681.51,31992704046.0,67990727675.0,214277621.0,20882112.0,68077.0,,,,,,
slow,i7-7700,4,40000,4,7717.6,,,,,,28389429425.0,49847024.0,89584621.0,8355929.0,698711.0,2482.0
slow,i7-7700,4,40000,4,7697.77,32070856878.0,67990865284.0,214238098.0,11477282.0,111147.0,,,,,,
slow,i7-7700,4,40000,5,7753.94,,,,,,28388740444.0,50203837.0,92491411.0,9322954.0,807664.0,2466.0
slow,i7-7700,4,40000,5,7667.05,32023245074.0,67990226820.0,214331555.0,18932322.0,62629.0,,,,,,
slow,i7-7700,6,60000,1,17381.98,,,,,,63964037884.0,115428459.0,227984638.0,61727033.0,3760176.0,2767.0
slow,i7-7700,6,60000,1,17357.71,72355380070.0,153197045317.0,483140111.0,76967818.0,165982.0,,,,,,
slow,i7-7700,6,60000,2,17361.82,,,,,,63967351346.0,115399114.0,222584236.0,53811853.0,3078035.0,4153.0
slow,i7-7700,6,60000,2,17321.81,72299535680.0,153196430426.0,482902749.0,64457727.0,147248.0,,,,,,
slow,i7-7700,6,60000,3,17391.6,,,,,,63974224416.0,115215229.0,226110498.0,58607181.0,3472906.0,5350.0
slow,i7-7700,6,60000,3,17333.69,72251950660.0,153197523202.0,483077496.0,70017803.0,156398.0,,,,,,
slow,i7-7700,6,60000,4,17393.14,,,,,,63964058763.0,115135539.0,223959773.0,48044258.0,2602074.0,3878.0
slow,i7-7700,6,60000,4,17333.68,72278974080.0,153197331960.0,483014393.0,85188057.0,141343.0,,,,,,
slow,i7-7700,6,60000,5,17362.55,,,,,,63983837369.0,115119081.0,222934490.0,55347321.0,3282084.0,5003.0
slow,i7-7700,6,60000,5,17299.51,72151018978.0,153196293543.0,483102860.0,70915107.0,135917.0,,,,,,
slow,i7-7700,8,80000,1,30886.23,,,,,,113591133954.0,206764774.0,441670033.0,154397272.0,7851392.0,6070.0
slow,i7-7700,8,80000,1,30828.89,128520578972.0,272086781677.0,862162427.0,192415386.0,229404.0,,,,,,
slow,i7-7700,8,80000,2,30930.8,,,,,,113595951278.0,206722332.0,433760631.0,142731002.0,7485171.0,6150.0
slow,i7-7700,8,80000,2,30803.98,128460881962.0,272085332376.0,862145486.0,188409428.0,290503.0,,,,,,
slow,i7-7700,8,80000,3,30909.09,,,,,,113602122071.0,206570691.0,428430415.0,151313750.0,7856460.0,6093.0
slow,i7-7700,8,80000,3,30810.95,128494527902.0,272085128203.0,862219508.0,210610894.0,238396.0,,,,,,
slow,i7-7700,8,80000,4,30952.93,,,,,,113605532224.0,206771502.0,436200922.0,141618238.0,6999284.0,5023.0
slow,i7-7700,8,80000,4,30846.46,128599944311.0,272087088829.0,862403472.0,244315606.0,285652.0,,,,,,
slow,i7-7700,8,80000,5,30946.21,,,,,,113606153933.0,206911304.0,438693336.0,151138156.0,7152819.0,5700.0
slow,i7-7700,8,80000,5,30785.17,128376803852.0,272085423353.0,861755611.0,201292214.0,256424.0,,,,,,
slow,i7-7700,10,100000,1,48394.18,,,,,,177699744138.0,324420754.0,715904247.0,280403613.0,13020247.0,6575.0
slow,i7-7700,10,100000,1,48156.34,200749337874.0,425600642160.0,1348358045.0,375158849.0,434287.0,,,,,,
slow,i7-7700,10,100000,2,48374.75,,,,,,177694619543.0,324553347.0,722580436.0,293038395.0,13920004.0,11105.0
slow,i7-7700,10,100000,2,48190.77,200883878125.0,425599853951.0,1348617014.0,417398182.0,451850.0,,,,,,
slow,i7-7700,10,100000,3,48323.98,,,,,,177709800387.0,324246050.0,703606911.0,276614486.0,13564125.0,7006.0
slow,i7-7700,10,100000,3,48191.37,200962584585.0,425600439507.0,1348449041.0,438485156.0,401259.0,,,,,,
slow,i7-7700,10,100000,4,48359.37,,,,,,177706316981.0,324360176.0,707127681.0,281872443.0,14745514.0,5454.0
slow,i7-7700,10,100000,4,48194.06,201019394365.0,425599718112.0,1348333967.0,445141107.0,349803.0,,,,,,
slow,i7-7700,10,100000,5,48371.98,,,,,,177682569023.0,324183620.0,728648921.0,308407038.0,14866164.0,5925.0
slow,i7-7700,10,100000,5,48219.96,201080972812.0,425600651419.0,1348098131.0,458983586.0,410337.0,,,,,,
slow,xs-4114,1,10000,1,678.12,,,,,,1779065680.0,1217645.0,1801449.0,95012.0,9879.0,3204.0
slow,xs-4114,1,10000,1,681.21,1961210544.0,4254323523.0,12431396.0,84125.0,13184.0,,,,,,
slow,xs-4114,1,10000,2,681.58,,,,,,1777540153.0,1228904.0,1737734.0,112737.0,11818.0,3520.0
slow,xs-4114,1,10000,2,663.13,1961534089.0,4254166765.0,12451178.0,55003.0,12911.0,,,,,,
slow,xs-4114,1,10000,3,674.83,,,,,,1780500284.0,968010.0,1553038.0,103919.0,12902.0,2874.0
slow,xs-4114,1,10000,3,674.41,1963731295.0,4254059412.0,12448237.0,52184.0,11809.0,,,,,,
slow,xs-4114,1,10000,4,682.29,,,,,,1775482028.0,976070.0,1423237.0,75589.0,12084.0,4617.0
slow,xs-4114,1,10000,4,670.28,1963637807.0,4254348494.0,12441210.0,60644.0,14234.0,,,,,,
slow,xs-4114,1,10000,5,683.17,,,,,,1775787560.0,977634.0,1430929.0,67273.0,10429.0,4211.0
slow,xs-4114,1,10000,5,681.32,1961299343.0,4254209370.0,12441332.0,54663.0,12868.0,,,,,,
slow,xs-4114,2,20000,1,2726.47,,,,,,7104988690.0,11154729.0,13059216.0,107465.0,19537.0,5036.0
slow,xs-4114,2,20000,1,2679.96,7975782419.0,17016042684.0,52071602.0,65687.0,13696.0,,,,,,
slow,xs-4114,2,20000,2,2717.85,,,,,,7103640842.0,10894373.0,12789917.0,117955.0,15427.0,3767.0
slow,xs-4114,2,20000,2,2726.08,7969554676.0,17017183350.0,52049059.0,85856.0,20384.0,,,,,,
slow,xs-4114,2,20000,3,2687.16,,,,,,7106161049.0,10852024.0,12713200.0,104602.0,15497.0,3752.0
slow,xs-4114,2,20000,3,2678.15,7957954403.0,17016108883.0,52082092.0,68417.0,15232.0,,,,,,
slow,xs-4114,2,20000,4,2707.12,,,,,,7106916303.0,10889784.0,12667042.0,119206.0,12798.0,920.0
slow,xs-4114,2,20000,4,2696.11,7994330495.0,17016195728.0,52045237.0,73187.0,15748.0,,,,,,
slow,xs-4114,2,20000,5,2684.61,,,,,,7106057760.0,10857568.0,14092461.0,102830.0,14261.0,1876.0
slow,xs-4114,2,20000,5,2709.19,7987295452.0,17017486195.0,52260681.0,122335.0,23097.0,,,,,,
slow,xs-4114,4,40000,1,10876.35,,,,,,28394059483.0,50689449.0,57009861.0,174122.0,28440.0,696.0
slow,xs-4114,4,40000,1,10814.06,32105994447.0,68016582891.0,214335902.0,163075.0,31769.0,,,,,,
slow,xs-4114,4,40000,2,10901.07,,,,,,28397417120.0,50652772.0,58159328.0,211649.0,35142.0,7227.0
slow,xs-4114,4,40000,2,10818.72,32091199584.0,68017082633.0,214382752.0,158270.0,33403.0,,,,,,
slow,xs-4114,4,40000,3,10851.16,,,,,,28400419757.0,50634329.0,62591797.0,193988.0,34620.0,7264.0
slow,xs-4114,4,40000,3,10798.91,32106539295.0,68016890604.0,214382697.0,175082.0,33102.0,,,,,,
slow,xs-4114,4,40000,4,10886.69,,,,,,28380184242.0,50613367.0,56579549.0,198090.0,35940.0,6340.0
slow,xs-4114,4,40000,4,10837.43,32102851384.0,68016831354.0,214354247.0,184346.0,29910.0,,,,,,
slow,xs-4114,4,40000,5,10872.4,,,,,,28389748653.0,50635925.0,58398170.0,227505.0,34805.0,5478.0
slow,xs-4114,4,40000,5,10789.2,32095957816.0,68015108045.0,214457605.0,129945.0,21782.0,,,,,,
slow,xs-4114,6,60000,1,24478.44,,,,,,63959039873.0,116811084.0,133758671.0,350380.0,71180.0,9858.0
slow,xs-4114,6,60000,1,24331.61,72339422444.0,153255230666.0,483286394.0,280302.0,53685.0,,,,,,
slow,xs-4114,6,60000,2,24464.3,,,,,,64001664965.0,116928576.0,136078392.0,313939.0,65269.0,9764.0
slow,xs-4114,6,60000,2,24370.16,72303949226.0,153256733554.0,483124717.0,329070.0,59121.0,,,,,,
slow,xs-4114,6,60000,3,24460.67,,,,,,63977586125.0,116862107.0,133866073.0,384085.0,63484.0,6452.0
slow,xs-4114,6,60000,3,24296.59,72253055447.0,153252473808.0,483212273.0,232996.0,31115.0,,,,,,
slow,xs-4114,6,60000,4,24451.31,,,,,,63978440108.0,116905067.0,135160925.0,344014.0,70133.0,10497.0
slow,xs-4114,6,60000,4,24338.74,72314062478.0,153255020368.0,483173391.0,289281.0,51963.0,,,,,,
slow,xs-4114,6,60000,5,24464.8,,,,,,63998206433.0,116957586.0,138612989.0,372129.0,64104.0,5964.0
slow,xs-4114,6,60000,5,24363.42,72356548187.0,153257478791.0,483409358.0,338869.0,62216.0,,,,,,
slow,xs-4114,8,80000,1,43460.0,,,,,,113651855567.0,209831473.0,246426406.0,579473.0,118672.0,10673.0
slow,xs-4114,8,80000,1,43305.61,128610340543.0,272189423026.0,862474645.0,549373.0,86580.0,,,,,,
slow,xs-4114,8,80000,2,43528.73,,,,,,113655248860.0,209721882.0,239237359.0,591854.0,111505.0,9843.0
slow,xs-4114,8,80000,2,43290.11,128703647306.0,272191193394.0,862430172.0,597674.0,88301.0,,,,,,
slow,xs-4114,8,80000,3,43509.69,,,,,,113629319167.0,209711921.0,251559596.0,654313.0,126011.0,9988.0
slow,xs-4114,8,80000,3,43343.14,128707382003.0,272191029557.0,862281576.0,563295.0,85204.0,,,,,,
slow,xs-4114,8,80000,4,43534.96,,,,,,113639147193.0,210020227.0,261193127.0,741874.0,133255.0,9872.0
slow,xs-4114,8,80000,4,43285.36,128554955750.0,272187376236.0,862348984.0,483161.0,63897.0,,,,,,
slow,xs-4114,8,80000,5,43538.15,,,,,,113673407476.0,209697462.0,264259949.0,763860.0,144441.0,14851.0
slow,xs-4114,8,80000,5,43309.21,128603147561.0,272190868502.0,862724013.0,583146.0,89344.0,,,,,,
slow,xs-4114,10,100000,1,68149.37,,,,,,177693223365.0,329206346.0,409232108.0,1410195.0,221448.0,15622.0
slow,xs-4114,10,100000,1,67778.7,201364656001.0,425762543055.0,1348838660.0,972477.0,129508.0,,,,,,
slow,xs-4114,10,100000,2,68111.15,,,,,,177702831483.0,329434462.0,401560225.0,1337918.0,211760.0,15288.0
slow,xs-4114,10,100000,2,67775.83,201283033384.0,425764297283.0,1349019756.0,1022006.0,137009.0,,,,,,
slow,xs-4114,10,100000,3,68095.3,,,,,,177751842707.0,329064331.0,377201958.0,893532.0,184745.0,17767.0
slow,xs-4114,10,100000,3,67737.5,201249562328.0,425760906654.0,1349079999.0,852221.0,120835.0,,,,,,
slow,xs-4114,10,100000,4,67955.78,,,,,,177741345412.0,329001483.0,380506345.0,891616.0,173396.0,13152.0
slow,xs-4114,10,100000,4,67711.98,201234859985.0,425762290847.0,1349649972.0,1395049.0,129926.0,,,,,,
slow,xs-4114,10,100000,5,68049.21,,,,,,177716777780.0,329018004.0,391979397.0,956661.0,192122.0,15811.0
slow,xs-4114,10,100000,5,67746.95,201338715182.0,425763428454.0,1349135554.0,962471.0,138979.0,,,,,,
